vic,width,height,interlaced,h_total,v_total,pixel_clock_khz,v_freq_hz,source_page
1,640,480,false,800,525,25175,59.94,42
2,720,480,false,858,525,27000,59.94,42
3,720,480,false,858,525,27000,59.94,42
4,1280,720,false,1650,750,74250,60.0,42
5,1920,1080,true,2200,1125,74250,60.0,42
6,1440,480,true,1716,525,27000,59.94,42
7,1440,480,true,1716,525,27000,59.94,42
8,1440,240,false,1716,262,27000,60.054,42
9,1440,240,false,1716,262,27000,60.054,42
10,2880,480,true,3432,525,54000,59.94,42
11,2880,480,true,3432,525,54000,59.94,42
12,2880,240,false,3432,262,54000,60.054,42
13,2880,240,false,3432,262,54000,60.054,42
14,1440,480,false,1716,525,54000,59.94,42
15,1440,480,false,1716,525,54000,59.94,42
16,1920,1080,false,2200,1125,148500,60.0,42
17,720,576,false,864,625,27000,50.0,42
18,720,576,false,864,625,27000,50.0,42
19,1280,720,false,1980,750,74250,50.0,42
20,1920,1080,true,2640,1125,74250,50.0,42
21,1440,576,true,1728,625,27000,50.0,42
22,1440,576,true,1728,625,27000,50.0,42
23,1440,288,false,1728,312,27000,50.08,42
24,1440,288,false,1728,312,27000,50.08,42
25,2880,576,true,3456,625,54000,50.0,42
26,2880,576,true,3456,625,54000,50.0,42
27,2880,288,false,3456,312,54000,50.08,42
28,2880,288,false,3456,312,54000,50.08,42
29,1440,576,false,1728,625,54000,50.0,42
30,1440,576,false,1728,625,54000,50.0,42
31,1920,1080,false,2640,1125,148500,50.0,42
32,1920,1080,false,2750,1125,74250,24.0,41
33,1920,1080,false,2640,1125,74250,25.0,41
34,1920,1080,false,2200,1125,74250,30.0,41
35,2880,480,false,3432,525,108000,59.94,42
36,2880,480,false,3432,525,108000,59.94,42
37,2880,576,false,3456,625,108000,50.0,42
38,2880,576,false,3456,625,108000,50.0,42
39,1920,1080,true,2304,1250,72000,50.0,42
40,1920,1080,true,2640,1125,148500,100.0,43
41,1280,720,false,1980,750,148500,100.0,43
42,720,576,false,864,625,54000,100.0,43
43,720,576,false,864,625,54000,100.0,43
44,1440,576,true,1728,625,54000,100.0,43
45,1440,576,true,1728,625,54000,100.0,43
46,1920,1080,true,2200,1125,148500,120.0,43
47,1280,720,false,1650,750,148500,120.0,43
48,720,480,false,858,525,54000,119.88,43
49,720,480,false,858,525,54000,119.88,43
50,1440,480,true,1716,525,54000,119.88,43
51,1440,480,true,1716,525,54000,119.88,43
52,720,576,false,864,625,108000,200.0,43
53,720,576,false,864,625,108000,200.0,43
54,1440,576,true,1728,625,108000,200.0,43
55,1440,576,true,1728,625,108000,200.0,43
56,720,480,false,858,525,108000,239.76,43
57,720,480,false,858,525,108000,239.76,43
58,1440,480,true,1716,525,108000,239.76,43
59,1440,480,true,1716,525,108000,239.76,43
60,1280,720,false,3300,750,59400,24.0,41
61,1280,720,false,3960,750,74250,25.0,41
62,1280,720,false,3300,750,74250,30.0,41
63,1920,1080,false,2200,1125,297000,120.0,43
64,1920,1080,false,2640,1125,297000,100.0,43
65,1280,720,false,3300,750,59400,24.0,41
66,1280,720,false,3960,750,74250,25.0,41
67,1280,720,false,3300,750,74250,30.0,41
68,1280,720,false,1980,750,74250,50.0,42
69,1280,720,false,1650,750,74250,60.0,42
70,1280,720,false,1980,750,148500,100.0,43
71,1280,720,false,1650,750,148500,120.0,43
72,1920,1080,false,2750,1125,74250,24.0,41
73,1920,1080,false,2640,1125,74250,25.0,41
74,1920,1080,false,2200,1125,74250,30.0,41
75,1920,1080,false,2640,1125,148500,50.0,42
76,1920,1080,false,2200,1125,148500,60.0,42
77,1920,1080,false,2640,1125,297000,100.0,43
78,1920,1080,false,2200,1125,297000,120.0,43
79,1680,720,false,3300,750,59400,24.0,41
80,1680,720,false,3168,750,59400,25.0,41
81,1680,720,false,2640,750,59400,30.0,41
82,1680,720,false,2200,750,82500,50.0,42
83,1680,720,false,2200,750,99000,60.0,42
84,1680,720,false,2000,825,165000,100.0,43
85,1680,720,false,2000,825,198000,120.0,43
86,2560,1080,false,3750,1100,99000,24.0,41
87,2560,1080,false,3200,1125,90000,25.0,41
88,2560,1080,false,3520,1125,118800,30.0,41
89,2560,1080,false,3300,1125,185625,50.0,42
90,2560,1080,false,3000,1100,198000,60.0,42
91,2560,1080,false,2970,1250,371250,100.0,43
92,2560,1080,false,3300,1250,495000,120.0,43
93,3840,2160,false,5500,2250,297000,24.0,41
94,3840,2160,false,5280,2250,297000,25.0,41
95,3840,2160,false,4400,2250,297000,30.0,41
96,3840,2160,false,5280,2250,594000,50.0,42
97,3840,2160,false,4400,2250,594000,60.0,42
98,4096,2160,false,5500,2250,297000,24.0,41
99,4096,2160,false,5280,2250,297000,25.0,41
100,4096,2160,false,4400,2250,297000,30.0,41
101,4096,2160,false,5280,2250,594000,50.0,42
102,4096,2160,false,4400,2250,594000,60.0,42
103,3840,2160,false,5500,2250,297000,24.0,41
104,3840,2160,false,5280,2250,297000,25.0,41
105,3840,2160,false,4400,2250,297000,30.0,41
106,3840,2160,false,5280,2250,594000,50.0,42
107,3840,2160,false,4400,2250,594000,60.0,42
108,1280,720,false,2500,750,90000,48.0,41
109,1280,720,false,2500,750,90000,48.0,41
110,1680,720,false,2750,750,99000,48.0,41
111,1920,1080,false,2750,1125,148500,48.0,41
112,1920,1080,false,2750,1125,148500,48.0,41
113,2560,1080,false,3750,1100,198000,48.0,41
114,3840,2160,false,5500,2250,594000,48.0,41
115,4096,2160,false,5500,2250,594000,48.0,41
116,3840,2160,false,5500,2250,594000,48.0,41
117,3840,2160,false,5280,2250,1188000,100.0,43
118,3840,2160,false,4400,2250,1188000,120.0,43
119,3840,2160,false,5280,2250,1188000,100.0,43
120,3840,2160,false,4400,2250,1188000,120.0,43
121,5120,2160,false,7500,2200,396000,24.0,41
122,5120,2160,false,7200,2200,396000,25.0,41
123,5120,2160,false,6000,2200,396000,30.0,41
124,5120,2160,false,6250,2475,742500,48.0,41
125,5120,2160,false,6600,2250,742500,50.0,42
126,5120,2160,false,5500,2250,742500,60.0,42
127,5120,2160,false,6600,2250,1485000,100.0,43
193,5120,2160,false,5500,2250,1485000,120.0,43
194,7680,4320,false,11000,4500,1188000,24.0,41
195,7680,4320,false,10800,4400,1188000,25.0,41
196,7680,4320,false,9000,4400,1188000,30.0,41
197,7680,4320,false,11000,4500,2376000,48.0,41
198,7680,4320,false,10800,4400,2376000,50.0,42
199,7680,4320,false,9000,4400,2376000,60.0,42
200,7680,4320,false,10560,4500,4752000,100.0,43
201,7680,4320,false,8800,4500,4752000,120.0,43
202,7680,4320,false,11000,4500,1188000,24.0,41
203,7680,4320,false,10800,4400,1188000,25.0,41
204,7680,4320,false,9000,4400,1188000,30.0,41
205,7680,4320,false,11000,4500,2376000,48.0,41
206,7680,4320,false,10800,4400,2376000,50.0,42
207,7680,4320,false,9000,4400,2376000,60.0,42
208,7680,4320,false,10560,4500,4752000,100.0,43
209,7680,4320,false,8800,4500,4752000,120.0,43
210,10240,4320,false,12500,4950,1485000,24.0,41
211,10240,4320,false,13500,4400,1485000,25.0,41
212,10240,4320,false,11000,4500,1485000,30.0,41
213,10240,4320,false,12500,4950,2970000,48.0,41
214,10240,4320,false,13500,4400,2970000,50.0,42
215,10240,4320,false,11000,4500,2970000,60.0,42
216,10240,4320,false,13200,4500,5940000,100.0,43
217,10240,4320,false,11000,4500,5940000,120.0,43
218,4096,2160,false,5280,2250,1188000,100.0,43
219,4096,2160,false,4400,2250,1188000,120.0,43
